form_number,PRN,CCATrank,DOB,10th_percentage,grad_percentage,pg_percentage,pre_ccat,DBMSTheory,DBMSLab,DBMSTotal,DBMSStatus,JavaTheory,JavaLab,JavaTotal,JavaStatus,PythonRTheory,PythonRLab,PythonRTotal,PythonRStatus,StatsTheory,StatsLab,StatsTotal,StatsStatus,DataVizTheory,DataVizLab,DataVizTotal,DataVizStatus,BigDataTheory,BigDataLab,BigDataTotal,BigDataStatus,LinuxCloudTheory,LinuxCloudLab,LinuxCloudTotal,LinuxCloudStatus,MLTheory,MLLab,MLTotal,MLStatus,Total,Percentage,Grade,Result,AptiGrade,ProjectGrade,Company_Name,Package,Higher_Edu_Percent,Is_Placed,branch_cleaned
210304041,2.10545E+11,3971,1996-09-14,72.4,70.97,,no,27,24,51,P,26,25,51,P,30,30,60,P,,,,,23,28,51,P,21,35,56,P,,,,,31,26,57,P,326,54.33333333,C,Pass,C,D,AQM TECHNOLOGIES,,59.48,Yes,Computer
210300482,2.10545E+11,3941,1997-06-18,63.2,64.36,,no,33,27,60,P,23,25,48,P,34,50,84,P,,,,,25,31,56,P,25,28,53,P,,,,,33,28,61,P,362,60.33333333,B,Pass,B,D,LEARNINGMATE,,62.15,Yes,Computer
210301188,2.10545E+11,3421,1998-01-23,70.2,63.37,,no,20,24,44,P,10,35,45,F,11,29,40,F,,,,,16,30,46,P,9,26,35,F,,,,,16,24,40,P,250,41.66666667,,Fail,B,Fail,,,75.0,No,Other
210301880,2.10545E+11,2937,1996-09-28,84.6,61.2,,no,35,24,59,P,16,24,40,P,28,26,54,P,,,,,31,36,67,P,23,19,42,F,,,,,34,28,62,P,324,54.0,,Fail,C,Fail,,,67.08,No,Computer
210301787,2.10545E+11,3843,1994-07-06,80.18,58.32,,no,19,33,52,P,16,31,47,P,16,37,53,P,,,,,16,42,58,P,18,36,54,P,,,,,26,25,51,P,315,52.5,C,Pass,B,B,MSCI,,64.67,Yes,Computer
210302616,2.10545E+11,4047,1997-11-20,74.8,71.8,,no,36,46,82,P,22,26,48,P,32,49,81,P,,,,,26,28,54,P,27,33,60,P,,,,,32,37,69,P,394,65.66666667,B,Pass,B,B,DRONA PAY,,66.45,Yes,Other
210303085,2.10545E+11,3771,1997-06-24,84.2,67.41,,no,21,28,49,P,16,38,54,P,18,49,67,P,,,,,19,44,63,P,16,43,59,P,,,,,20,46,66,P,358,59.66666667,C,Pass,A,B,CELEBAL TECHNOLOGIES,,75.35,Yes,Other
210303573,2.10545E+11,4321,1997-02-23,70.0,65.0,,no,16,24,40,P,19,24,43,P,20,39,59,P,,,,,24,29,53,P,11,24,35,F,,,,,18,28,46,P,276,46.0,,Fail,C,D,,,60.0,No,Other
210307972,2.10545E+11,3820,1994-08-25,88.2,57.0,,no,25,24,49,P,18,29,47,P,25,46,71,P,,,,,29,36,65,P,26,29,55,P,,,,,18,26,44,P,331,55.16666667,C,Pass,B,C,CELEBAL TECHNOLOGIES,,54.0,Yes,Computer
210302036,2.10545E+11,2399,1997-05-13,90.73,58.96,,no,23,42,65,P,16,49,65,P,19,49,68,P,,,,,25,42,67,P,21,39,60,P,,,,,17,45,62,P,387,64.5,B,Pass,B,C,BANK OF AMERICA,,,Yes,Other
210307661,2.10545E+11,1602,1995-07-30,73.45,58.22,7.3,no,33,58,91,P,28,57,85,P,28,57,85,P,,,,,29,46,75,P,27,51,78,P,,,,,29,57,86,P,500,83.33333333,A,Pass,A+,A+,MSCI,,55.33,Yes,Other
210301662,2.10545E+11,1776,1998-07-22,86.4,59.83,,no,29,40,69,P,29,49,78,P,28,54,82,P,,,,,28,50,78,P,30,45,75,P,,,,,28,39,67,P,449,74.83333333,A,Pass,B,A,MORNINGSTAR,,63.54,Yes,Electronics and Telecommunication
210304029,2.10545E+11,970,1996-08-12,88.91,87.51,76.82,no,24,54,78,P,16,30,46,P,25,54,79,P,,,,,21,51,72,P,22,45,67,P,,,,,17,53,70,P,412,68.66666667,B,Pass,A+,A+,CELEBAL TECHNOLOGIES,,78.31,Yes,Computer
210302878,2.10545E+11,1699,1998-04-09,76.36,58.64,,no,29,45,74,P,16,32,48,P,24,54,78,P,,,,,29,41,70,P,21,32,53,P,,,,,32,45,77,P,400,66.66666667,B,Pass,A,A,RELIANCE JIO,,70.12,Yes,Other
210303503,2.10545E+11,3369,1997-06-01,71.6,93.76,,no,16,15,31,F,9,24,33,F,16,23,39,F,,,,,19,37,56,P,16,15,31,F,,,,,18,16,34,F,224,37.33333333,,Fail,C,Fail,,,53.08,No,Computer
210305374,2.10545E+11,3411,1995-08-05,79.09,60.0,,no,35,45,80,P,16,38,54,P,25,40,65,P,,,,,28,54,82,P,32,51,83,P,,,,,23,48,71,P,435,72.5,A,Pass,A+,A+,LEARNINGMATE,,60.0,Yes,Computer
210302366,2.10545E+11,2005,1998-12-12,73.0,64.0,,no,28,35,63,P,16,52,68,P,29,58,87,P,,,,,29,44,73,P,22,42,64,P,,,,,28,47,75,P,430,71.66666667,A,Pass,A,A,AMDOCS,,64.0,Yes,Other
210303957,2.10545E+11,3293,1998-11-16,71.0,71.0,,no,33,30,63,P,19,35,54,P,27,50,77,P,,,,,30,39,69,P,29,37,66,P,,,,,29,30,59,P,388,64.66666667,B,Pass,A,A+,GREENPOINT GLOBAL TECHNOLOGIES,,,Yes,Other
210303710,2.10545E+11,2798,1997-11-03,70.18,55.88,,no,33,30,63,P,23,25,48,P,27,41,68,P,,,,,30,41,71,P,24,45,69,P,,,,,33,26,59,P,378,63.0,B,Pass,B,C,LEARNINGMATE,,65.13,Yes,Computer
210301946,2.10545E+11,4159,1995-08-08,72.0,56.51,,no,24,37,61,P,21,44,65,P,19,46,65,P,,,,,17,30,47,P,19,41,60,P,,,,,16,38,54,P,352,58.66666667,C,Pass,A,A,CRIMSON INTERACTIVE,,65.94,Yes,Other
210300589,2.10545E+11,3305,1993-07-11,87.38,63.0,,no,22,32,54,P,17,30,47,P,20,39,59,P,,,,,22,43,65,P,24,44,68,P,,,,,23,47,70,P,363,60.5,B,Pass,B,C,ECLERX,,58.0,Yes,Other
210302332,2.10545E+11,4159,1997-01-19,76.73,57.0,,no,24,30,54,P,20,30,50,P,25,34,59,P,,,,,23,35,58,P,26,36,62,P,,,,,22,39,61,P,344,57.33333333,C,Pass,B,C,RELIANCE JIO,,76.0,Yes,Electronics and Telecommunication
210303952,2.10545E+11,4228,1999-08-01,80.0,63.62,,no,22,28,50,P,19,51,70,P,20,50,70,P,,,,,24,33,57,P,26,27,53,P,,,,,22,37,59,P,359,59.83333333,C,Pass,B,C,CELEBAL TECHNOLOGIES,,54.34,Yes,Other
210302533,2.10545E+11,1085,1998-02-19,81.5,71.46,,no,27,48,75,P,21,49,70,P,26,54,80,P,,,,,26,46,72,P,19,43,62,P,,,,,19,57,76,P,435,72.5,A,Pass,A,B,RELIANCE JIO,,51.23,Yes,Electronics and Telecommunication
210301373,2.10545E+11,2118,1998-01-12,81.8,70.0,,no,25,53,78,P,23,52,75,P,25,55,80,P,,,,,21,48,69,P,22,48,70,P,,,,,21,55,76,P,448,74.66666667,A,Pass,B,C,CELEBAL TECHNOLOGIES,,85.19,Yes,Computer
210302899,2.10545E+11,3167,1997-09-17,78.2,59.67,,no,27,43,70,P,16,38,54,P,23,40,63,P,,,,,28,37,65,P,25,44,69,P,,,,,27,49,76,P,397,66.16666667,B,Pass,A+,C,AMDOCS,,61.85,Yes,Electronics and Telecommunication
210301202,2.10545E+11,2550,1996-01-30,60.36,56.87,,no,24,36,60,P,16,34,50,P,18,41,59,P,,,,,11,37,48,F,16,41,57,P,,,,,17,47,64,P,338,56.33333333,,Fail,B,Fail,,,57.66,No,Other
210306075,2.10545E+11,3661,1998-06-15,58.36,65.28,,no,26,32,58,P,16,24,40,P,19,44,63,P,,,,,17,30,47,P,25,33,58,P,,,,,24,43,67,P,333,55.5,C,Pass,B,C,,,57.08,No,Mechanical
210303942,2.10545E+11,3751,1997-07-26,70.8,71.8,,no,30,40,70,P,24,30,54,P,34,28,62,P,,,,,27,38,65,P,22,39,61,P,,,,,29,38,67,P,379,63.16666667,B,Pass,A,B,ANANDRATHI WEALTH MANAGEMENT,,51.69,Yes,Other
210300375,2.10545E+11,3964,1995-11-06,79.24,62.77,,no,30,24,54,P,16,27,43,P,19,32,51,P,,,,,27,35,62,P,28,31,59,P,,,,,29,25,54,P,323,53.83333333,C,Pass,B,B,RELIANCE JIO,,60.24,Yes,Other
210303255,2.10545E+11,Other,1998-10-11,71.6,62.83,,no,28,25,53,P,21,25,46,P,18,28,46,P,,,,,16,28,44,P,20,29,49,P,,,,,27,26,53,P,291,48.5,D,Pass,B,B,CELEBAL TECHNOLOGIES,,50.77,Yes,Computer
210302692,2.10545E+11,2660,1998-10-27,83.6,60.37,,no,27,44,71,P,22,28,50,P,30,29,59,P,,,,,25,40,65,P,24,41,65,P,,,,,29,42,71,P,381,63.5,B,Pass,B,B,DRONA PAY,,70.0,Yes,Other
210300369,2.10545E+11,4037,1993-06-04,75.07,70.2,,no,26,34,60,P,21,24,45,P,28,37,65,P,,,,,23,28,51,P,24,31,55,P,,,,,29,35,64,P,340,56.66666667,C,Pass,A+,B,CREDIT SUISSE,,52.83,Yes,Other
210305195,2.10545E+11,3850,1992-01-27,49.84,69.9,,no,26,28,54,P,23,38,61,P,20,41,61,P,,,,,16,44,60,P,16,30,46,P,,,,,21,28,49,P,331,55.16666667,C,Pass,C,B,BANK OF AMERICA,,59.93,Yes,Electronics and Telecommunication
210307115,2.10545E+11,3312,1997-12-12,70.3,60.0,,no,31,45,76,P,21,37,58,P,35,35,70,P,,,,,29,48,77,P,25,38,63,P,,,,,33,44,77,P,421,70.16666667,A,Pass,A,B,AMDOCS,,66.0,Yes,Electrical
210306398,2.10545E+11,2631,1998-02-24,81.4,74.1,,no,25,35,60,P,16,40,56,P,17,39,56,P,,,,,24,45,69,P,23,38,61,P,,,,,23,38,61,P,363,60.5,B,Pass,B,C,CELEBAL TECHNOLOGIES,,79.82,Yes,Computer
210306782,2.10545E+11,2927,1995-05-01,69.82,59.5,,no,21,32,53,P,16,25,41,P,17,50,67,P,,,,,16,36,52,P,16,33,49,P,,,,,19,37,56,P,318,53.0,C,Pass,C,C,LUMIQ,,55.0,Yes,Computer
210300189,2.10545E+11,2562,1996-06-02,57.45,63.94,,no,27,31,58,P,19,31,50,P,20,35,55,P,,,,,26,33,59,P,19,32,51,P,,,,,28,38,66,P,339,56.5,C,Pass,B,C,AMDOCS,,53.38,Yes,Electronics and Telecommunication
210301222,2.10545E+11,3756,1996-04-04,88.4,60.42,63.65,no,32,26,58,P,21,24,45,P,25,40,65,P,,,,,27,29,56,P,32,29,61,P,,,,,24,24,48,P,333,55.5,C,Pass,B,C,LEARNINGMATE,,57.34,Yes,Mathematics
210306394,2.10545E+11,4076,1999-04-19,89.0,82.3,,no,32,31,63,P,22,32,54,P,28,37,65,P,,,,,27,42,69,P,22,39,61,P,,,,,25,47,72,P,384,64.0,B,Pass,B,C,CELEBAL TECHNOLOGIES,,67.38,Yes,Electronics and Telecommunication
210303549,2.10545E+11,3713,1999-01-31,80.4,65.65,,no,30,39,69,P,16,34,50,P,25,54,79,P,,,,,32,48,80,P,24,40,64,P,,,,,27,43,70,P,412,68.66666667,B,Pass,A,A,LEARNINGMATE,,80.82,Yes,Other
210301294,2.10545E+11,4292,1997-07-18,84.91,74.41,76.33,no,29,45,74,P,24,30,54,P,25,45,70,P,,,,,25,42,67,P,22,46,68,P,,,,,30,40,70,P,403,67.16666667,B,Pass,B,A,MSCI,,51.38,Yes,Physics
210301313,2.10545E+11,3578,1996-01-22,70.3,74.8,,no,27,36,63,P,17,29,46,P,27,41,68,P,,,,,33,39,72,P,26,42,68,P,,,,,28,24,52,P,369,61.5,B,Pass,A,A,AMDOCS,,60.8,Yes,Computer
210301313,2.10545E+11,3578,1996-01-22,70.3,74.8,,no,27,36,63,P,17,29,46,P,27,41,68,P,,,,,33,39,72,P,26,42,68,P,,,,,28,24,52,P,369,61.5,B,Pass,A,A,MSCI,,60.8,Yes,Computer
210305853,2.10545E+11,4071,1995-12-14,69.64,67.86,,no,25,22,47,F,17,24,41,P,24,31,55,P,,,,,17,31,48,P,16,29,45,F,,,,,25,27,52,P,288,48.0,,Fail,B,Fail,,,60.11,No,Electronics and Telecommunication
210304031,2.10545E+11,2436,1996-02-07,92.18,71.0,,no,A,A,0,F,A,14,14,F,A,38,38,F,,,,,A,A,0,F,A,A,0,F,,,,,A,A,0,F,52,8.666666667,,Fail,C,Fail,,,73.35,No,Other
210301186,2.10545E+11,4267,1993-12-15,82.61,67.0,65.0,no,24,32,56,P,21,33,54,P,24,49,73,P,,,,,23,39,62,P,19,30,49,P,,,,,26,45,71,P,365,60.83333333,B,Pass,B,C,CREDIT SUISSE,,58.33,Yes,Other
210301521,2.10545E+11,3099,1995-11-14,74.1,64.63,,no,26,27,53,P,20,30,50,P,22,40,62,P,,,,,23,34,57,P,23,35,58,P,,,,,25,39,64,P,344,57.33333333,C,Pass,B,B,AMDOCS,,68.8,Yes,Other
210302634,2.10545E+11,1168,1998-06-11,90.0,67.89,,no,27,A,27,F,11,24,35,F,22,38,60,P,,,,,16,39,55,P,20,10,30,F,,,,,19,10,29,F,236,39.33333333,,Fail,C,Fail,,,86.9,No,Other
210303539,2.10545E+11,3636,1997-07-12,82.0,83.5,,no,28,45,73,P,22,44,66,P,26,47,73,P,,,,,28,47,75,P,25,41,66,P,,,,,31,47,78,P,431,71.83333333,A,Pass,A,B,CELEBAL TECHNOLOGIES,,59.0,Yes,Computer
210307155,2.10545E+11,2393,1996-08-08,81.16,,,no,31,27,58,P,17,27,44,P,19,44,63,P,,,,,30,36,66,P,24,42,66,P,,,,,29,25,54,P,351,58.5,C,Pass,A,B,AMDOCS,,77.0,Yes,Instrumentation
210300632,2.10545E+11,2532,1997-04-12,72.0,73.15,,no,37,33,70,P,27,29,56,P,30,46,76,P,,,,,21,35,56,P,25,32,57,P,,,,,34,25,59,P,374,62.33333333,B,Pass,A,C,AMDOCS,,73.0,Yes,Other
210303374,2.10545E+11,179,1996-04-28,90.36,62.95,,no,31,60,91,P,26,57,83,P,28,58,86,P,,,,,26,53,79,P,24,51,75,P,,,,,20,54,74,P,488,81.33333333,A,Pass,A,C,CELEBAL TECHNOLOGIES,,66.33,Yes,Electronics and Telecommunication
210305258,2.10545E+11,2420,1998-04-22,82.4,80.0,,no,26,34,60,P,18,28,46,P,27,38,65,P,,,,,24,50,74,P,24,53,77,P,,,,,30,41,71,P,393,65.5,B,Pass,B,C,LEARNINGMATE,,70.0,Yes,Electronics and Telecommunication
210307535,2.10545E+11,2173,1984-10-08,78.0,76.0,72.81,no,29,44,73,P,16,26,42,P,23,46,69,P,,,,,25,50,75,P,23,43,66,P,,,,,18,46,64,P,389,64.83333333,B,Pass,B,C,RELIANCE JIO,,76.67,Yes,Electronics and Telecommunication
210300197,2.10545E+11,4050,1996-01-18,52.91,61.5,,no,17,24,41,P,16,30,46,P,18,34,52,P,,,,,21,30,51,P,20,22,42,F,,,,,16,12,28,F,260,43.33333333,,Fail,C,Fail,,,61.33,No,Electronics and Telecommunication
210706682,2.10945E+11,2435,1999-10-04,94.8,84.17,,yes,36,35,71,P,33,36,69,P,36,51,87,P,31,25,56,P,33,50,83,P,31,46,77,P,31,53,84,P,34,43,77,P,604,75.5,A,Pass,A,B,,,83.07,No,Other
210701686,2.10945E+11,2669,1997-06-29,88.0,58.0,,yes,26,48,74,P,30,40,70,P,21,47,68,P,22,36,58,P,29,49,78,P,33,43,76,P,27,37,64,P,35,45,80,P,568,71.0,A,Pass,A,A,,,68.0,No,Other
210703503,2.10945E+11,1922,1999-06-23,89.2,68.7,,yes,34,45,79,P,29,48,77,P,26,47,73,P,27,31,58,P,24,50,74,P,31,43,74,P,31,38,69,P,36,37,73,P,577,72.125,A,Pass,C,A,,,77.24,No,Mechanical
210707815,2.10945E+11,2690,1995-07-27,93.64,61.0,,no,28,35,63,P,27,25,52,P,26,48,74,P,21,36,57,P,30,45,75,P,30,37,67,P,32,34,66,P,31,52,83,P,537,67.125,B,Pass,B,A,,,68.0,No,Mechanical
210716276,2.10945E+11,3081,1995-03-23,80.55,59.0,,yes,34,44,78,P,31,43,74,P,26,50,76,P,32,39,71,P,30,46,76,P,31,40,71,P,28,32,60,P,33,40,73,P,579,72.375,A,Pass,A,A,,,64.33,No,Other
210708625,2.10945E+11,3151,1997-09-20,71.09,65.26,,yes,28,29,57,P,23,37,60,P,25,33,58,P,29,43,72,P,31,44,75,P,29,47,76,P,36,38,74,P,32,47,79,P,551,68.875,B,Pass,C,D,,,75.71,No,Mechanical
210707890,2.10945E+11,2708,1998-09-26,85.4,74.9,,yes,26,53,79,P,31,37,68,P,29,43,72,P,28,47,75,P,30,49,79,P,34,32,66,P,28,33,61,P,31,48,79,P,579,72.375,A,Pass,B,C,,,71.27,No,Electrical
210715936,2.10945E+11,3057,1999-07-03,67.0,72.62,,no,23,37,60,P,19,45,64,P,18,47,65,P,17,44,61,P,24,46,70,P,23,49,72,P,22,40,62,P,27,38,65,P,519,64.875,B,Pass,B,A,,,66.0,No,Other
210706589,2.10945E+11,2494,1997-01-09,83.24,64.0,,no,31,49,80,P,28,31,59,P,30,41,71,P,28,33,61,P,29,51,80,P,29,28,57,P,33,30,63,P,35,41,76,P,547,68.375,B,Pass,B,C,,,79.54,No,Electronics and Telecommunication
210712762,2.10945E+11,2392,1997-07-18,78.0,78.29,,no,26,49,75,P,24,40,64,P,25,46,71,P,23,46,69,P,25,45,70,P,31,43,74,P,18,42,60,P,31,46,77,P,560,70.0,A,Pass,A,A,,,71.5,No,Other
210712662,2.10945E+11,3288,1990-10-28,60.53,56.58,69.73,no,21,45,66,P,22,42,64,P,26,48,74,P,26,36,62,P,25,48,73,P,25,44,69,P,27,33,60,P,25,40,65,P,533,66.625,B,Pass,B,A+,,,55.33,No,Other
210706127,2.10945E+11,2682,1999-12-10,93.0,78.06,,yes,31,37,68,P,32,53,85,P,28,50,78,P,31,51,82,P,31,48,79,P,30,46,76,P,30,55,85,P,30,53,83,P,636,79.5,A,Pass,B,A+,,,75.54,No,Other
210708235,2.10945E+11,1788,1994-01-30,82.61,74.0,,yes,29,48,77,P,27,27,54,P,25,51,76,P,25,41,66,P,32,50,82,P,33,49,82,P,31,45,76,P,35,43,78,P,591,73.875,A,Pass,A,A+,,,70.17,No,Other
210700634,2.10945E+11,3300,1997-09-14,82.5,63.3,,no,28,49,77,P,27,40,67,P,25,47,72,P,29,46,75,P,27,48,75,P,31,50,81,P,25,34,59,P,29,42,71,P,577,72.125,A,Pass,B,A,,,,No,Other
210714996,2.10945E+11,2601,1984-12-24,68.0,60.86,,yes,29,47,76,P,38,38,76,P,27,50,77,P,25,49,74,P,31,56,87,P,30,37,67,P,35,56,91,P,35,45,80,P,628,78.5,A,Pass,A,A,,,65.0,No,Computer
210702164,2.10945E+11,2742,1996-05-08,85.5,66.2,,no,28,48,76,P,26,56,82,P,25,41,66,P,29,46,75,P,28,54,82,P,28,47,75,P,34,46,80,P,38,42,80,P,616,77.0,A,Pass,A,A,,,67.6,No,Computer
210704922,2.10945E+11,2306,1998-08-07,87.0,66.53,,no,31,40,71,P,27,33,60,P,23,47,70,P,29,45,74,P,30,49,79,P,31,47,78,P,30,48,78,P,32,52,84,P,594,74.25,A,Pass,A,A+,,,75.0,No,Mechanical
210713843,2.10945E+11,3251,1996-05-24,67.2,62.86,,yes,27,33,60,P,25,34,59,P,23,43,66,P,25,30,55,P,24,44,68,P,30,40,70,P,25,30,55,P,31,37,68,P,501,62.625,B,Pass,A,B,,,76.06,No,Other
210700904,2.10945E+11,2967,1996-09-18,91.09,68.0,,yes,29,37,66,P,32,30,62,P,19,48,67,P,16,35,51,P,30,47,77,P,30,46,76,P,35,33,68,P,35,34,69,P,536,67.0,B,Pass,A,A,,,60.0,No,Other
210709927,2.10945E+11,2444,1999-01-05,79.2,,,yes,33,53,86,P,31,50,81,P,31,49,80,P,29,41,70,P,31,51,82,P,34,50,84,P,34,33,67,P,36,42,78,P,628,78.5,A,Pass,A,A,,,73.08,No,Mechanical
210708156,2.10945E+11,Other,1997-10-26,80.55,64.63,,no,17,30,47,P,19,41,60,P,23,31,54,P,16,36,52,P,20,25,45,P,20,24,44,P,17,33,50,P,16,29,45,P,397,49.625,D,Pass,D,C,,,63.58,No,Civil
210713845,2.10945E+11,2263,1997-02-13,72.2,60.14,,yes,30,34,64,P,27,32,59,P,30,47,77,P,24,34,58,P,33,45,78,P,31,38,69,P,32,35,67,P,35,48,83,P,555,69.375,B,Pass,A+,B,,,67.76,No,Other
210700952,2.10945E+11,2793,1995-12-03,69.57,74.67,,no,29,45,74,P,22,49,71,P,28,51,79,P,25,48,73,P,28,56,84,P,31,42,73,P,36,45,81,P,34,49,83,P,618,77.25,A,Pass,A,A+,,,80.0,No,Other
210711095,2.10945E+11,2885,1996-01-11,80.73,71.86,,no,28,48,76,P,33,44,77,P,26,48,74,P,24,43,67,P,27,50,77,P,30,45,75,P,32,54,86,P,36,56,92,P,624,78.0,A,Pass,C,A+,,,60.17,No,Electronics and Telecommunication
210707253,2.10945E+11,1852,1995-11-09,88.91,60.0,,no,33,45,78,P,30,43,73,P,27,47,74,P,29,46,75,P,31,50,81,P,31,47,78,P,31,37,68,P,37,50,87,P,614,76.75,A,Pass,A+,B,,,59.33,No,Other
210706972,2.10945E+11,2392,1994-03-22,82.61,58.87,,no,33,35,68,P,24,40,64,P,27,42,69,P,25,31,56,P,33,53,86,P,30,50,80,P,35,33,68,P,37,44,81,P,572,71.5,A,Pass,C,A,,,66.81,No,Mechanical
210711013,2.10945E+11,3370,1995-09-30,82.91,60.41,,yes,26,34,60,P,16,31,47,P,23,44,67,P,19,27,46,P,23,49,72,P,31,37,68,P,33,30,63,P,37,37,74,P,497,62.125,B,Pass,C,B,,,51.83,No,Electronics and Telecommunication
210700320,2.10945E+11,2580,1997-07-17,75.27,55.51,,yes,32,40,72,P,28,41,69,P,30,52,82,P,29,48,77,P,32,45,77,P,30,36,66,P,27,46,73,P,30,52,82,P,598,74.75,A,Pass,B,A+,,,60.77,No,Other
210707938,2.10945E+11,2881,1998-04-06,85.4,65.47,,yes,32,58,90,P,31,57,88,P,29,51,80,P,29,49,78,P,31,56,87,P,33,56,89,P,32,57,89,P,33,48,81,P,682,85.25,A+,Pass,B,A,,,79.38,No,Mechanical
210709365,2.10945E+11,2617,1996-05-20,83.4,69.0,,no,28,27,55,P,17,24,41,P,20,31,51,P,24,25,49,P,26,24,50,P,30,24,54,P,17,26,43,P,24,29,53,P,396,49.5,D,Pass,C,C,,,,No,Other
210700868,2.10945E+11,2908,1999-10-07,75.0,75.94,,no,27,54,81,P,31,56,87,P,30,48,78,P,31,48,79,P,30,52,82,P,34,52,86,P,33,50,83,P,33,54,87,P,663,82.875,A,Pass,B,A+,,,70.77,No,Other
210701637,2.10945E+11,2815,1996-04-03,71.2,55.07,,no,30,29,59,P,29,37,66,P,19,43,62,P,30,38,68,P,31,41,72,P,30,24,54,P,30,38,68,P,34,45,79,P,528,66.0,B,Pass,C,B,,,57.23,No,Electronics and Telecommunication
210704347,2.10945E+11,3107,1997-06-08,91.09,64.4,,yes,29,43,72,P,26,30,56,P,27,43,70,P,28,36,64,P,34,46,80,P,29,47,76,P,32,27,59,P,32,42,74,P,551,68.875,B,Pass,C,B,,,69.0,No,Mechanical
210713661,2.10945E+11,2792,1996-11-17,83.64,61.0,,yes,34,49,83,P,24,36,60,P,25,33,58,P,31,49,80,P,32,59,91,P,32,50,82,P,33,44,77,P,35,41,76,P,607,75.875,A,Pass,A,B,,,58.0,No,Other
210705366,2.10945E+11,2352,1997-09-05,82.91,72.96,72.71,yes,34,49,83,P,33,43,76,P,31,39,70,P,30,37,67,P,35,46,81,P,34,43,77,P,33,48,81,P,32,48,80,P,615,76.875,A,Pass,B,A,,,59.08,No,Computer
210700575,2.10945E+11,3256,1997-07-28,80.2,68.78,,no,21,24,45,P,35,31,66,P,21,40,61,P,25,33,58,P,30,33,63,P,30,26,56,P,29,34,63,P,34,27,61,P,473,59.125,C,Pass,B,C,,,60.99,No,Other
210706747,2.10945E+11,3321,1998-11-01,83.6,64.71,,yes,,,,,,,,,,,,,,,,,,,,,,,,,,,,,,,,,,,,,,,,,68.15,No,Other
210716432,2.10945E+11,2394,1996-01-02,80.36,56.82,,no,34,48,82,P,31,31,62,P,29,40,69,P,32,36,68,P,30,46,76,P,31,46,77,P,34,34,68,P,35,46,81,P,583,72.875,A,Pass,B,A,,,64.31,No,Other
210714433,2.10945E+11,2201,1995-10-19,78.8,78.69,,yes,31,32,63,P,24,40,64,P,33,42,75,P,27,37,64,P,29,46,75,P,32,49,81,P,30,33,63,P,34,42,76,P,561,70.125,A,Pass,C,B,,,56.46,No,Other
210714211,2.10945E+11,2327,2021-09-18,93.2,64.9,,no,29,28,57,P,28,24,52,P,22,40,62,P,23,32,55,P,22,36,58,P,24,34,58,P,21,35,56,P,27,42,69,P,467,58.375,C,Pass,A+,C,,,78.15,No,Other
210709129,2.10945E+11,2912,1999-08-14,89.6,71.0,,yes,32,44,76,P,31,44,75,P,24,54,78,P,28,44,72,P,28,52,80,P,33,45,78,P,27,49,76,P,33,52,85,P,620,77.5,A,Pass,A,A+,,,64.0,No,Mechanical
210709455,2.10945E+11,2697,1996-02-27,83.6,74.04,,no,30,45,75,P,29,53,82,P,25,48,73,P,28,53,81,P,29,49,78,P,33,34,67,P,28,38,66,P,34,41,75,P,597,74.625,A,Pass,B,A+,,,,No,Other
210704457,2.10945E+11,2524,1998-03-29,81.27,78.47,68.88,no,21,53,74,P,25,43,68,P,20,50,70,P,20,36,56,P,22,53,75,P,26,43,69,P,23,48,71,P,26,41,67,P,550,68.75,B,Pass,B,A,,,70.77,No,Mathematics
210707624,2.10945E+11,834,1999-06-25,86.6,71.41,,yes,29,47,76,P,29,53,82,P,28,58,86,P,26,47,73,P,27,51,78,P,29,52,81,P,35,58,93,P,26,53,79,P,648,81.0,A,Pass,B,A,,,64.46,No,Other
210711491,2.10945E+11,3080,1995-06-12,90.0,69.35,,no,31,32,63,P,30,31,61,P,25,38,63,P,28,34,62,P,29,37,66,P,30,43,73,P,26,32,58,P,24,40,64,P,510,63.75,B,Pass,B,B,,,72.5,No,Electronics and Telecommunication
210714041,2.10945E+11,2802,1998-07-13,83.8,57.2,,no,33,39,72,P,31,53,84,P,28,47,75,P,30,39,69,P,29,51,80,P,32,47,79,P,30,54,84,P,34,56,90,P,633,79.125,A,Pass,B,A,,,69.54,No,Other
210703803,2.10945E+11,3138,1997-04-07,75.4,59.28,,yes,32,29,61,P,30,38,68,P,31,47,78,P,31,42,73,P,31,39,70,P,32,39,71,P,33,27,60,P,34,37,71,P,552,69.0,B,Pass,C,A,,,68.62,No,Mechanical
210704884,2.10945E+11,3375,1998-06-09,88.8,63.71,,yes,35,49,84,P,33,46,79,P,30,44,74,P,28,48,76,P,31,50,81,P,33,50,83,P,30,40,70,P,32,44,76,P,623,77.875,A,Pass,B,A+,,,,No,Other
210706358,2.10945E+11,3079,1996-05-16,84.8,76.8,,yes,32,41,73,P,27,36,63,P,29,31,60,P,26,40,66,P,29,51,80,P,32,41,73,P,32,34,66,P,32,42,74,P,555,69.375,B,Pass,A,A,,,64.15,No,Electrical
210706867,2.10945E+11,3062,1996-11-17,79.09,55.3,72.78,no,31,45,76,P,25,47,72,P,29,50,79,P,25,46,71,P,27,43,70,P,33,46,79,P,27,43,70,P,29,36,65,P,582,72.75,A,Pass,B,A,,,68.0,No,Electrical
210710288,2.10945E+11,3339,1996-05-08,69.49,72.0,,yes,29,31,60,P,26,29,55,P,30,52,82,P,28,41,69,P,24,39,63,P,29,42,71,P,30,39,69,P,35,37,72,P,541,67.625,B,Pass,A,B,,,61.0,No,Computer
210701265,2.10945E+11,3019,1997-10-03,84.0,66.31,,no,30,41,71,P,30,51,81,P,30,53,83,P,28,50,78,P,27,50,77,P,32,47,79,P,29,45,74,P,32,48,80,P,623,77.875,A,Pass,A,A,,,77.54,No,Other
210708589,2.10945E+11,1958,1995-11-22,73.4,66.66,,no,28,35,63,P,35,49,84,P,32,44,76,P,32,41,73,P,29,51,80,P,31,51,82,P,35,38,73,P,35,53,88,P,619,77.375,A,Pass,B,A+,,,64.83,No,Electronics and Telecommunication
210700108,2.10945E+11,2726,1996-10-06,85.64,88.1,,yes,32,47,79,P,30,35,65,P,23,42,65,P,32,40,72,P,32,50,82,P,32,50,82,P,36,33,69,P,30,44,74,P,588,73.5,A,Pass,B,A,,,75.0,No,Electrical
210716402,2.10945E+11,2812,1995-01-25,93.45,68.93,,yes,24,24,48,P,24,24,48,P,21,25,46,P,27,30,57,P,28,27,55,P,27,28,55,P,30,28,58,P,29,25,54,P,421,52.625,C,Pass,A+,C,,,64.17,No,Civil
210714273,2.10945E+11,3089,1998-10-19,78.2,64.42,,no,29,51,80,P,26,43,69,P,23,54,77,P,23,47,70,P,24,58,82,P,29,54,83,P,31,43,74,P,29,31,60,P,595,74.375,A,Pass,A,A+,,,59.6,No,Electronics and Telecommunication
210701599,2.10945E+11,2770,1996-10-09,81.45,74.9,,yes,32,47,79,P,31,46,77,P,28,52,80,P,31,35,66,P,32,46,78,P,28,28,56,P,30,28,58,P,34,35,69,P,563,70.375,A,Pass,A,B,,,78.88,No,Other
210707894,2.10945E+11,3309,2000-01-04,76.8,69.57,,no,29,46,75,P,29,41,70,P,27,52,79,P,22,41,63,P,27,45,72,P,28,38,66,P,23,51,74,P,30,46,76,P,575,71.875,A,Pass,C,B,,,75.19,No,Computer
211206606,2.20345E+11,2917,1992-08-07,84.3,63.4,,no,34,42,76,P,27,49,76,P,23,40,63,P,28,47,75,P,32,36,68,P,34,32,66,P,27,45,72,P,22,42,64,P,560,70.0,A,Pass,A,A+,PivotRoots,,69.5,Yes,Civil
211200426,2.20345E+11,2463,1998-04-05,91.6,73.4,,no,30,26,56,P,21,41,62,P,23,30,53,P,22,40,62,P,26,33,59,P,28,24,52,P,19,33,52,P,19,33,52,P,448,56.0,C,Pass,B,B,TruCover,,84.91,Yes,Other
211202556,2.20345E+11,2781,1998-09-03,80.6,62.7,,no,33,34,67,P,27,51,78,P,28,41,69,P,27,41,68,P,31,34,65,P,33,24,57,P,23,39,62,P,24,51,75,P,541,67.625,B,Pass,B,A+,,,59.23,No,Electrical
220102886,2.20345E+11,2890,1995-06-08,81.28,62.0,,no,29,28,57,P,16,28,44,P,24,37,61,P,25,40,65,P,30,45,75,P,26,35,61,P,29,40,69,P,16,28,44,P,476,59.5,C,Pass,B,D,CRISIL,,62.8,Yes,Computer
211201523,2.20345E+11,2878,1994-06-10,87.64,68.9,,no,36,49,85,P,21,55,76,P,30,51,81,P,26,34,60,P,29,32,61,P,28,37,65,P,23,42,65,P,22,38,60,P,553,69.125,B,Pass,A,B,Delta,,82.17,Yes,Computer
211206773,2.20345E+11,2750,1997-10-26,85.45,65.65,,no,32,53,85,P,22,41,63,P,32,46,78,P,20,43,63,P,26,39,65,P,23,43,66,P,26,45,71,P,19,40,59,P,550,68.75,B,Pass,C,C,CRISIL,,73.54,Yes,Other
211205337,2.20345E+11,2927,1997-10-08,89.2,66.5,,no,28,48,76,P,16,33,49,P,31,40,71,P,27,43,70,P,23,32,55,P,29,27,56,P,24,39,63,P,19,30,49,P,489,61.125,B,Pass,A,C,LearningMate,,75.38,Yes,Mathematics
211205273,2.20345E+11,2690,1999-09-02,87.0,69.6,,no,31,32,63,P,21,29,50,P,30,36,66,P,24,43,67,P,25,42,67,P,30,27,57,P,19,46,65,P,21,33,54,P,489,61.125,B,Pass,C,C,LearningMate,,79.08,Yes,Other
211200935,2.20345E+11,3121,1999-08-13,75.0,77.0,,no,32,18,50,F,27,28,55,P,31,25,56,F,25,25,50,P,33,25,58,P,30,25,55,P,23,26,49,P,22,19,41,F,414,51.75,C,Fail,D,D,,,53.0,No,Other
220101509,2.20345E+11,3123,1997-04-07,77.0,65.42,,no,35,17,52,F,18,24,42,P,24,23,47,F,23,28,51,P,26,31,57,P,18,23,41,F,17,30,47,P,17,25,42,F,379,47.375,D,Fail,C,D,,,62.79,No,Mechanical
211200532,2.20345E+11,2997,1997-12-18,74.0,65.05,,no,28,46,74,P,23,31,54,P,30,44,74,P,28,31,59,P,31,30,61,P,31,26,57,P,17,41,58,P,19,43,62,P,499,62.375,B,Pass,A,B,KFin Technologies Limited,,61.02,Yes,Other
211205618,2.20345E+11,1785,1999-10-11,84.6,65.0,,no,31,35,66,P,27,44,71,P,29,38,67,P,25,39,64,P,33,42,75,P,30,30,60,P,28,44,72,P,21,34,55,P,530,66.25,B,Pass,B,B,NSE,,63.69,Yes,Other
211205599,2.20345E+11,1676,1999-04-15,77.6,62.49,,no,30,35,65,P,22,42,64,P,28,49,77,P,24,44,68,P,28,42,70,P,30,35,65,P,29,47,76,P,24,44,68,P,553,69.125,B,Pass,B,B,NSE INDIA,,65.88,Yes,Other
211202093,2.20345E+11,2255,1999-09-08,76.6,83.0,,no,32,40,72,P,29,53,82,P,30,47,77,P,26,50,76,P,33,44,77,P,32,51,83,P,29,51,80,P,22,53,75,P,622,77.75,A,Pass,C,A,"Morningstar, Inc.",,73.39,Yes,Electrical
220101599,2.20345E+11,2524,1994-05-05,81.53,57.51,,no,25,35,60,P,21,39,60,P,26,44,70,P,28,48,76,P,27,34,61,P,25,51,76,P,29,45,74,P,21,47,68,P,545,68.125,B,Pass,A+,A,Self Placed,,62.67,Yes,Other
220106960,2.20345E+11,2530,1996-07-30,89.27,59.92,,no,33,34,67,P,25,27,52,P,27,33,60,P,23,35,58,P,30,40,70,P,29,34,63,P,25,41,66,P,23,35,58,P,494,61.75,B,Pass,B,C,LearningMate,,66.0,Yes,Electronics and Telecommunication
211200829,2.20345E+11,2983,1997-11-17,82.73,73.19,,no,31,42,73,P,17,46,63,P,30,41,71,P,25,35,60,P,32,33,65,P,27,41,68,P,30,36,66,P,24,40,64,P,530,66.25,B,Pass,A,B,CRISIL,,72.24,Yes,Mechanical
211206502,2.20345E+11,1906,1998-12-23,79.0,64.28,,no,25,33,58,P,18,47,65,P,28,45,73,P,16,35,51,P,27,27,54,P,26,25,51,P,23,39,62,P,19,42,61,P,475,59.375,C,Pass,B,B,GODIGITAL,,56.0,Yes,Computer
220600733,2.20945E+11,438,,87.27,56.23,,yes,27,41,68,P,27,49,76,P,22,47,69,P,22,44,66,P,27,34,61,P,35,28,63,P,30,44,74,P,29,46,75,P,552,69.0,B,Pass,B,B,,,63.6,No,Electronics and Telecommunication
220711655,2.20945E+11,2276,1994-08-22,93.45,67.75,,no,29,33,62,P,31,37,68,P,26,48,74,P,23,48,71,P,29,42,71,P,37,34,71,P,34,37,71,P,33,52,85,P,573,71.625,A,Pass,A,B,,,70.33,No,Electronics and Telecommunication
220706160,2.20945E+11,2604,1999-07-12,85.6,73.3,,yes,28,27,55,P,20,41,61,P,27,36,63,P,24,44,68,P,31,38,69,P,31,26,57,P,31,38,69,P,31,39,70,P,512,64.0,B,Pass,A+,B,Celebal technologies,,75.23,Yes,Mechanical
220602930,2.20945E+11,2810,1989-08-26,62.13,59.93,,yes,30,32,62,P,23,44,67,P,20,35,55,P,16,33,49,P,27,38,65,P,36,29,65,P,35,49,84,P,33,38,71,P,518,64.75,B,Pass,A+,B,,,53.0,No,Mechanical
220703198,2.20945E+11,2673,1998-03-03,69.45,63.23,,yes,29,28,57,P,18,35,53,P,26,29,55,P,19,45,64,P,30,38,68,P,37,25,62,P,36,31,67,P,35,40,75,P,501,62.625,B,Pass,B,B,self placed Knight fintech,,54.77,Yes,Mechanical
220707552,2.20945E+11,2595,1999-01-30,80.0,70.15,,no,26,24,50,P,17,37,54,P,21,26,47,P,23,25,48,P,27,24,51,P,26,24,50,P,29,36,65,P,31,26,57,P,422,52.75,C,Pass,C,C,,,60.0,No,Civil
220709380,2.20945E+11,2032,1999-08-01,83.4,61.62,,no,27,24,51,P,21,36,57,P,24,35,59,P,16,29,45,P,29,40,69,P,35,34,69,P,36,44,80,P,29,25,54,P,484,60.5,B,Pass,C,C,,,61.54,No,Mechanical
220704799,2.20945E+11,2748,1993-08-20,73.23,56.75,,no,29,37,66,P,26,34,60,P,22,31,53,P,22,29,51,P,31,29,60,P,28,37,65,P,30,38,68,P,30,25,55,P,478,59.75,C,Pass,B,C,,,50.33,No,Mechanical
220608402,2.20945E+11,2593,1998-08-17,83.8,84.6,80.1,no,30,38,68,P,31,46,77,P,22,49,71,P,27,50,77,P,31,40,71,P,35,35,70,P,31,48,79,P,33,43,76,P,589,73.625,A,Pass,A,A,Thyrocare,,83.58,Yes,Civil
220707834,2.20945E+11,1831,1994-12-23,88.0,61.0,,yes,30,40,70,P,26,50,76,P,18,34,52,P,23,33,56,P,30,36,66,P,36,27,63,P,33,40,73,P,32,32,64,P,520,65.0,B,Pass,A,C,KFintech,,53.0,Yes,Electronics and Telecommunication
220703728,2.20945E+11,2269,2000-01-26,94.8,84.2,,no,31,38,69,P,32,56,88,P,27,57,84,P,29,52,81,P,33,34,67,P,35,41,76,P,33,56,89,P,31,51,82,P,636,79.5,A,Pass,B,B,Celebal technologies,,76.92,Yes,Other
220603571,2.20945E+11,2588,1994-02-09,72.73,68.9,,yes,24,24,48,P,26,33,59,P,21,33,54,P,22,29,51,P,26,30,56,P,34,24,58,P,28,32,60,P,25,27,52,P,438,54.75,C,Pass,C,B,,,62.83,No,Electrical
220604346,2.20945E+11,2317,1998-09-23,90.0,73.9,,no,33,43,76,P,29,47,76,P,28,41,69,P,20,48,68,P,27,42,69,P,36,34,70,P,35,44,79,P,30,50,80,P,587,73.375,A,Pass,A,A+,Deutsche bank,,76.62,Yes,Electronics and Telecommunication
220604822,2.20945E+11,2486,1998-12-06,89.8,60.62,,no,28,31,59,P,19,44,63,P,26,42,68,P,21,45,66,P,29,33,62,P,37,36,73,P,34,38,72,P,33,41,74,P,537,67.125,B,Pass,B,A,,,,No,Instrumentation
220702740,2.20945E+11,2946,1998-12-24,95.2,70.62,,yes,30,35,65,P,27,40,67,P,25,33,58,P,18,42,60,P,30,44,74,P,38,35,73,P,34,47,81,P,32,44,76,P,554,69.25,B,Pass,A,A+,RBHU,,80.15,Yes,Mechanical
220712876,2.20945E+11,2826,1996-11-08,86.73,69.35,,yes,33,53,86,P,29,47,76,P,27,45,72,P,28,46,74,P,33,39,72,P,34,39,73,P,31,56,87,P,38,50,88,P,628,78.5,A,Pass,B,A+,Algoquant,,62.0,Yes,Electrical
220603530,2.20945E+11,1847,1997-02-02,94.0,74.0,,no,31,39,70,P,29,41,70,P,20,30,50,P,20,31,51,P,30,29,59,P,35,37,72,P,32,46,78,P,23,38,61,P,511,63.875,B,Pass,B,B,,,65.0,No,Electronics and Telecommunication
220600231,2.20945E+11,2902,1996-10-15,55.82,67.36,,no,29,38,67,P,24,34,58,P,28,39,67,P,29,36,65,P,26,32,58,P,31,34,65,P,34,37,71,P,31,47,78,P,529,66.125,B,Pass,B,A,,,60.29,No,Electrical
220600231,2.20945E+11,2902,1996-10-15,55.0,73.0,,no,29,38,67,P,24,34,58,P,28,39,67,P,29,36,65,P,26,32,58,P,31,34,65,P,34,37,71,P,31,47,78,P,529,66.125,B,Pass,B,A,,,60.29,No,Electrical
220701672,2.20945E+11,1975,2000-03-16,76.4,64.7,,no,28,26,54,P,17,29,46,P,22,38,60,P,22,39,61,P,27,39,66,P,33,28,61,P,34,52,86,P,25,37,62,P,496,62.0,B,Pass,C,B,,,74.31,No,Electronics and Telecommunication
220600416,2.20945E+11,2177,1992-10-25,77.38,62.66,,yes,31,37,68,P,22,41,63,P,23,29,52,P,23,34,57,P,30,40,70,P,36,28,64,P,34,46,80,P,35,34,69,P,523,65.375,B,Pass,B,B,,,55.71,No,Civil
220602110,2.20945E+11,2800,1997-08-12,72.18,67.7,,yes,26,24,50,P,23,31,54,P,20,25,45,P,24,25,49,P,29,33,62,P,30,24,54,P,35,38,73,P,31,29,60,P,447,55.875,C,Pass,B,A,,,60.59,No,Mechanical
220607499,2.20945E+11,2920,1999-08-14,80.8,69.64,,no,31,37,68,P,25,42,67,P,25,55,80,P,23,47,70,P,33,39,72,P,35,38,73,P,33,39,72,P,23,54,77,P,579,72.375,A,Pass,A,A+,AnkerCloud,,67.44,Yes,Other
220601584,2.20945E+11,2343,1996-11-16,66.5,62.56,80.3,no,28,32,60,P,23,43,66,P,27,28,55,P,26,39,65,P,29,33,62,P,33,36,69,P,35,43,78,P,35,46,81,P,536,67.0,B,Pass,B,B,,,57.6,No,Electrical
220710955,2.20945E+11,2004,1999-03-25,78.8,76.85,,no,30,26,56,P,23,34,57,P,22,27,49,P,25,30,55,P,36,36,72,P,34,32,66,P,30,30,60,P,27,25,52,P,467,58.375,C,Pass,A,B,,,64.8,No,Mechanical
220600149,2.20945E+11,2764,1999-08-05,81.6,67.6,,no,30,41,71,P,28,44,72,P,25,42,67,P,24,45,69,P,31,34,65,P,35,37,72,P,31,36,67,P,28,52,80,P,563,70.375,A,Pass,A,A+,K Fintech,,73.38,Yes,Computer
220702559,2.20945E+11,1948,1999-09-04,80.8,71.0,,yes,33,38,71,P,33,47,80,P,25,36,61,P,29,42,71,P,30,34,64,P,35,39,74,P,30,41,71,P,36,48,84,P,576,72.0,A,Pass,B,A,Applied cloud computing,,58.77,Yes,Mechanical
220705367,2.20945E+11,2434,1996-10-05,90.91,64.8,,no,31,39,70,P,31,38,69,P,22,38,60,P,27,48,75,P,29,35,64,P,36,35,71,P,32,32,64,P,36,48,84,P,557,69.625,B,Pass,B,A,MPokket,,76.62,Yes,Electrical
220708967,2.20945E+11,2382,1998-05-31,79.8,79.7,,yes,31,38,69,P,31,44,75,P,20,33,53,P,22,35,57,P,27,32,59,P,34,24,58,P,33,41,74,P,34,34,68,P,513,64.125,B,Pass,A,B,,,90.8,No,Mechanical
220601484,2.20945E+11,2287,1997-04-23,70.36,43.44,73.19,no,30,50,80,P,24,50,74,P,25,51,76,P,29,52,81,P,30,44,74,P,36,41,77,P,36,40,76,P,35,56,91,P,629,78.625,A,Pass,A,A+,AnkerCloud,,51.08,Yes,Mathematics
220603437,2.20945E+11,328,1996-03-31,94.55,66.56,,yes,28,25,53,P,22,33,55,P,23,29,52,P,28,43,71,P,26,29,55,P,35,32,67,P,34,34,68,P,34,49,83,P,504,63.0,B,Pass,A+,A,,,75.83,No,Mechanical
220711963,2.20945E+11,2154,1990-12-11,65.84,62.2,,no,27,24,51,P,30,31,61,P,22,26,48,P,23,33,56,P,34,28,62,P,32,24,56,P,28,29,57,P,29,24,53,P,444,55.5,C,Pass,C,B,,,44.67,No,Mechanical
220604254,2.20945E+11,2729,1999-04-06,55.1,78.7,,no,26,35,61,P,27,32,59,P,18,35,53,P,22,40,62,P,29,29,58,P,33,31,64,P,33,29,62,P,29,25,54,P,473,59.125,C,Pass,C,B,,,57.0,No,Computer
220712485,2.20945E+11,2421,1999-10-10,92.8,77.0,,no,28,40,68,P,26,43,69,P,25,46,71,P,19,54,73,P,31,44,75,P,31,33,64,P,26,42,68,P,32,52,84,P,572,71.5,A,Pass,A,B,,,65.08,No,Civil
220600397,2.20945E+11,2983,1999-10-08,75.2,80.5,,yes,26,27,53,P,26,27,53,P,23,27,50,P,26,24,50,P,27,35,62,P,35,24,59,P,30,24,54,P,27,37,64,P,445,55.625,C,Pass,C,C,,,52.92,No,Mechanical
220600288,2.20945E+11,63,1999-04-26,96.0,61.8,,no,35,53,88,P,29,52,81,P,26,52,78,P,30,56,86,P,27,38,65,P,32,44,76,P,32,38,70,P,31,49,80,P,624,78.0,A,Pass,A+,A,Spark Lalbs,,92.77,Yes,Mechanical
220700384,2.20945E+11,839,1996-03-31,88.36,59.11,,no,26,26,52,P,24,42,66,P,22,42,64,P,25,32,57,P,31,31,62,P,34,30,64,P,33,45,78,P,28,40,68,P,511,63.875,B,Pass,C,B,,,66.46,No,Mechanical
220601949,2.20945E+11,2347,1996-08-08,70.0,63.9,,no,26,26,52,P,21,37,58,P,24,35,59,P,16,36,52,P,31,29,60,P,35,32,67,P,25,43,68,P,30,45,75,P,491,61.375,B,Pass,B,B,,,54.0,No,Mechanical
220708029,2.20945E+11,2252,1997-10-07,80.0,74.76,,no,30,36,66,P,23,32,55,P,21,29,50,P,20,43,63,P,31,29,60,P,35,37,72,P,34,56,90,P,31,46,77,P,533,66.625,B,Pass,B,B,,,60.61,No,Mechanical
220604748,2.20945E+11,1657,1996-12-01,93.27,58.85,,yes,31,46,77,P,28,52,80,P,26,45,71,P,26,47,73,P,31,49,80,P,33,40,73,P,35,57,92,P,30,43,73,P,619,77.375,A,Pass,A,A,RBHU,,81.08,Yes,Civil
220606836,2.20945E+11,1845,1998-11-25,85.5,79.2,,no,34,28,62,P,29,54,83,P,25,57,82,P,26,51,77,P,33,37,70,P,32,46,78,P,34,42,76,P,32,47,79,P,607,75.875,A,Pass,A,A+,RBHU,,76.62,Yes,Mechanical
220603345,2.20945E+11,2572,1995-11-06,79.8,76.9,,no,31,29,60,P,21,36,57,P,24,46,70,P,28,42,70,P,31,48,79,P,37,31,68,P,30,49,79,P,28,24,52,P,535,66.875,B,Pass,B,A,self placed,,59.9,Yes,Computer
220708028,2.20945E+11,1898,1999-07-08,83.8,63.1,,no,34,48,82,P,31,45,76,P,23,43,66,P,23,52,75,P,20,35,55,P,34,37,71,P,31,30,61,P,31,41,72,P,558,69.75,B,Pass,B,A+,Axis Bank,,68.3,Yes,Electronics and Telecommunication
220700086,2.20945E+11,2296,1998-06-18,78.0,78.0,,yes,28,44,72,P,25,36,61,P,20,43,63,P,20,24,44,P,29,28,57,P,35,36,71,P,29,34,63,P,29,26,55,P,486,60.75,B,Pass,B,B,,,73.0,No,Computer
220700380,2.20945E+11,2006,1996-07-20,71.16,75.83,,no,31,31,62,P,27,44,71,P,25,36,61,P,22,46,68,P,34,32,66,P,29,40,69,P,31,40,71,P,29,54,83,P,551,68.875,B,Pass,A,B,Infobell,,81.0,Yes,Electrical
220710902,2.20945E+11,2547,1999-04-08,83.6,91.5,,no,30,36,66,P,28,46,74,P,24,41,65,P,25,54,79,P,31,42,73,P,35,33,68,P,32,37,69,P,28,50,78,P,572,71.5,A,Pass,A,B,Celebal Technologies,,81.4,Yes,Civil
220710802,2.20945E+11,2997,1997-09-13,96.73,62.31,,no,32,37,69,P,23,30,53,P,22,28,50,P,23,50,73,P,30,41,71,P,33,38,71,P,29,41,70,P,29,38,67,P,524,65.5,B,Pass,B,B,,,84.77,No,Mechanical
220601662,2.20945E+11,3045,1997-06-14,89.09,61.7,,no,31,47,78,P,31,51,82,P,26,53,79,P,27,52,79,P,30,48,78,P,32,54,86,P,34,55,89,P,31,51,82,P,653,81.625,A,Pass,A,A+,CDAC Mumbai,,93.69,Yes,Electronics and Telecommunication
220602112,2.20945E+11,2819,1995-11-23,87.0,72.6,,no,29,49,78,P,27,42,69,P,28,37,65,P,27,47,74,P,24,49,73,P,31,39,70,P,28,40,68,P,29,39,68,P,565,70.625,A,Pass,A,A+,RBHU,,83.6,Yes,Civil
220710391,2.20945E+11,2352,1995-08-15,93.1,76.2,,no,37,48,85,P,32,53,85,P,24,56,80,P,27,52,79,P,29,39,68,P,37,49,86,P,36,50,86,P,35,58,93,P,662,82.75,A,Pass,A,A,opted out,,71.83,Yes,Electronics and Telecommunication
220600277,2.20945E+11,2786,2000-08-19,72.0,69.0,,no,31,48,79,P,31,47,78,P,25,36,61,P,27,40,67,P,31,41,72,P,37,37,74,P,35,44,79,P,34,25,59,P,569,71.125,A,Pass,B,A,xenonstack,,76.0,Yes,Mechanical
220604308,2.20945E+11,1985,1996-05-25,90.73,61.41,,no,31,42,73,P,27,48,75,P,25,37,62,P,20,41,61,P,26,36,62,P,33,32,65,P,34,50,84,P,30,51,81,P,563,70.375,A,Pass,B,A+,Teamnest,,77.0,Yes,Electronics and Telecommunication
220606960,2.20945E+11,3044,1991-12-07,85.23,63.73,,no,27,24,51,P,17,35,52,P,19,31,50,P,22,35,57,P,26,44,70,P,35,31,66,P,35,49,84,P,29,26,55,P,485,60.625,B,Pass,A,B,,,71.17,No,Electronics and Telecommunication
220705999,2.20945E+11,2299,1996-08-30,95.0,84.5,,no,38,47,85,P,24,51,75,P,25,39,64,P,21,46,67,P,27,32,59,P,33,44,77,P,34,49,83,P,27,50,77,P,587,73.375,A,Pass,A,A,Infobell,,78.4,Yes,Computer
220700019,2.20945E+11,Other,1992-07-16,77.16,77.38,,no,33,39,72,P,25,44,69,P,25,31,56,P,27,46,73,P,31,35,66,P,33,40,73,P,36,47,83,P,34,46,80,P,572,71.5,A,Pass,A,A,,,80.6,No,Mechanical
220600230,2.20945E+11,2903,1997-02-10,78.0,65.1,,yes,34,33,67,P,23,29,52,P,18,28,46,P,17,31,48,P,31,37,68,P,35,26,61,P,31,46,77,P,33,35,68,P,487,60.875,B,Pass,B,B,Axis bank,,62.0,Yes,Computer
220604553,2.20945E+11,3020,1999-07-22,92.0,80.0,80.95,yes,26,40,66,P,20,36,56,P,20,30,50,P,20,45,65,P,29,32,61,P,30,34,64,P,27,33,60,P,33,43,76,P,498,62.25,B,Pass,A,B,,,74.92,No,Other
220701081,2.20945E+11,2785,1996-08-03,81.64,63.8,,no,35,52,87,P,28,46,74,P,23,43,66,P,23,39,62,P,29,41,70,P,38,44,82,P,30,40,70,P,30,47,77,P,588,73.5,A,Pass,A,A,self placed,,73.88,Yes,Electronics and Telecommunication
220710694,2.20945E+11,2520,1999-10-04,77.4,80.4,,no,32,24,56,P,30,24,54,P,24,24,48,P,20,24,44,P,27,37,64,P,37,25,62,P,35,31,66,P,34,24,58,P,452,56.5,C,Pass,C,C,,,57.4,No,Mechanical
220701080,2.20945E+11,2491,,79.82,61.06,,no,34,35,69,P,28,54,82,P,24,54,78,P,19,42,61,P,30,31,61,P,37,35,72,P,28,56,84,P,33,51,84,P,591,73.875,A,Pass,A,A,Algoquant,,59.38,Yes,Electronics and Telecommunication
220606772,2.20945E+11,2135,1995-12-17,81.64,59.28,,no,30,47,77,P,31,47,78,P,21,44,65,P,25,44,69,P,30,39,69,P,37,33,70,P,29,47,76,P,25,47,72,P,576,72.0,A,Pass,A+,A,Celebal Technologies,,68.0,Yes,Electrical
221206375,2.30345E+11,2391,1995-01-23,88.0,63.4,,no,A,37,37,F,A,54,54,F,A,48,48,F,A,37,37,F,A,A,0,F,A,A,0,F,A,33,33,F,A,A,0,F,209,26.125,F,Fail,Absent,Absent,,,,No,Computer
230107038,2.30345E+11,1447,1998-10-27,78.0,66.78,,no,20,38,58,P,22,35,57,P,17,29,46,P,11,33,44,F,18,35,53,P,17,31,48,P,19,33,52,P,22,41,63,P,421,52.625,,Fail,B,C,,,69.4,No,Mechanical
221205327,2.30345E+11,2491,1997-07-08,88.8,66.5,,no,23,39,62,P,28,37,65,P,22,44,66,P,18,44,62,P,30,40,70,P,20,36,56,P,23,40,63,P,23,38,61,P,505,63.125,B,Pass,A,C,Axis My India,,77.69,Yes,Computer
221202347,2.30345E+11,317,1996-05-13,90.18,79.78,,yes,31,42,73,P,31,42,73,P,27,52,79,P,22,49,71,P,27,47,74,P,23,50,73,P,28,47,75,P,23,43,66,P,584,73.0,A,Pass,A,A,Neiron,,69.23,Yes,Electrical
230104502,2.30345E+11,1462,1997-09-04,87.45,66.98,,yes,26,37,63,P,21,44,65,P,19,46,65,P,21,49,70,P,29,35,64,P,23,37,60,P,22,46,68,P,22,39,61,P,516,64.5,B,Pass,B,C,,,73.38,No,Mechanical
221201395,2.30345E+11,2594,1998-03-18,82.8,75.7,,yes,25,37,62,P,24,36,60,P,20,33,53,P,23,41,64,P,26,40,66,P,22,48,70,P,18,32,50,P,22,42,64,P,489,61.125,B,Pass,C,A,Learning Mate,,60.15,Yes,Mechanical
221207871,2.30345E+11,2141,1999-08-31,86.0,67.4,,yes,24,36,60,P,24,41,65,P,19,43,62,P,18,33,51,P,25,35,60,P,24,36,60,P,24,43,67,P,25,43,68,P,493,61.625,B,Pass,C,B,,,66.62,No,Chemical
230101111,2.30345E+11,2091,2000-12-12,94.6,85.0,,no,25,37,62,P,20,42,62,P,19,44,63,P,23,41,64,P,30,46,76,P,28,44,72,P,24,31,55,P,26,39,65,P,519,64.875,B,Pass,A,B,Learning Mate,,83.0,Yes,Mechanical
221205120,2.30345E+11,2718,1999-05-03,85.0,72.2,,yes,29,34,63,P,22,39,61,P,19,45,64,P,23,44,67,P,31,44,75,P,21,54,75,P,20,35,55,P,20,44,64,P,524,65.5,B,Pass,B,A,,,73.54,No,Other
230102491,2.30345E+11,1282,2001-02-09,89.8,78.35,,no,25,39,64,P,31,46,77,P,28,49,77,P,25,52,77,P,31,42,73,P,26,47,73,P,19,32,51,P,28,38,66,P,558,69.75,B,Pass,B,B,NeoSoft,,80.31,Yes,Computer
230102871,2.30345E+11,1117,1998-12-22,95.0,80.22,82.6,no,28,32,60,P,25,42,67,P,21,39,60,P,21,44,65,P,30,41,71,P,22,36,58,P,18,31,49,P,22,36,58,P,488,61.0,B,Pass,A,B,self placed -Advarisk,,89.8,Yes,Other
221204315,2.30345E+11,2480,1999-08-30,91.0,75.0,,no,20,48,68,P,22,37,59,P,20,41,61,P,22,41,63,P,30,45,75,P,26,47,73,P,21,34,55,P,22,35,57,P,511,63.875,B,Pass,A+,B,Learning Mate,,83.8,Yes,Electronics and Telecommunication
221202427,2.30345E+11,1836,1999-02-06,85.2,58.4,,no,23,39,62,P,23,39,62,P,25,46,71,P,21,38,59,P,23,37,60,P,19,33,52,P,20,30,50,P,21,30,51,P,467,58.375,C,Pass,A,B,,,63.23,No,Mechanical
221207641,2.30345E+11,2403,2000-01-13,93.0,63.5,,yes,31,37,68,P,24,32,56,P,21,35,56,P,19,39,58,P,28,44,72,P,22,42,64,P,23,32,55,P,27,36,63,P,492,61.5,B,Pass,B,B,,,79.69,No,Mechanical
230108154,2.30345E+11,1797,2001-06-14,75.4,74.2,,no,25,38,63,P,26,43,69,P,25,35,60,P,17,36,53,P,25,38,63,P,19,43,62,P,18,30,48,P,22,44,66,P,484,60.5,B,Pass,C,B,,,58.15,No,Computer
230106203,2.30345E+11,2118,1999-03-27,79.6,73.9,,no,28,45,73,P,33,49,82,P,29,51,80,P,26,50,76,P,28,48,76,P,28,49,77,P,28,35,63,P,26,41,67,P,594,74.25,A,Pass,B,A+,NeoSoft,,71.0,Yes,Electronics and Telecommunication
230107356,2.30345E+11,2503,1995-10-26,86.36,57.96,,yes,23,34,57,P,21,38,59,P,23,45,68,P,21,29,50,P,32,33,65,P,19,36,55,P,17,31,48,P,22,33,55,P,457,57.125,C,Pass,B,C,,,55.0,No,Computer
221203134,2.30345E+11,2542,1999-06-05,62.4,70.9,,yes,24,38,62,P,31,39,70,P,22,34,56,P,18,47,65,P,30,39,69,P,28,46,74,P,21,40,61,P,25,38,63,P,520,65.0,B,Pass,C,C,,,70.24,No,Mechanical
230106577,2.30345E+11,1992,1998-04-04,88.4,81.4,,no,23,37,60,P,21,32,53,P,22,33,55,P,19,46,65,P,31,37,68,P,22,36,58,P,21,46,67,P,21,44,65,P,491,61.375,B,Pass,A,B,RBHU Analytics,,84.55,Yes,Electrical
230107161,2.30345E+11,814,1999-12-17,94.8,66.89,,no,34,53,87,P,31,48,79,P,28,52,80,P,35,57,92,P,29,51,80,P,31,53,84,P,29,44,73,P,33,52,85,P,660,82.5,A,Pass,A+,A+,collinson Group,,78.62,Yes,Electrical
221204727,2.30345E+11,2646,2000-09-26,86.4,71.62,,yes,25,36,61,P,26,49,75,P,23,47,70,P,19,43,62,P,27,42,69,P,23,47,70,P,21,40,61,P,22,36,58,P,526,65.75,B,Pass,A,A,,,72.77,No,Mechanical
230103336,2.30345E+11,1996,1996-10-10,80.0,64.22,,no,30,40,70,P,25,44,69,P,23,39,62,P,22,45,67,P,33,42,75,P,25,52,77,P,23,28,51,P,27,34,61,P,532,66.5,B,Pass,A,C,Learning Mate,,74.15,Yes,Mechanical
221204317,2.30345E+11,1283,1997-03-03,69.0,62.27,,no,25,34,59,P,21,42,63,P,25,48,73,P,21,43,64,P,28,43,71,P,19,44,63,P,25,32,57,P,17,36,53,P,503,62.875,B,Pass,B,B,RBHU Analytics,,60.2,Yes,Civil
230102377,2.30345E+11,2678,2000-12-02,90.0,70.63,,no,22,41,63,P,31,40,71,P,26,40,66,P,21,42,63,P,33,48,81,P,23,52,75,P,21,31,52,P,24,44,68,P,539,67.375,B,Pass,B,B,Yash Technologies,,68.62,Yes,Electronics and Telecommunication
221200661,2.30345E+11,910,2000-01-04,91.2,78.62,,no,26,51,77,P,26,36,62,P,25,39,64,P,28,50,78,P,32,44,76,P,25,55,80,P,18,36,54,P,25,40,65,P,556,69.5,B,Pass,B,A,Motifworks Motifworks India Private Limited,,80.24,Yes,Mechanical
221207273,2.30345E+11,2422,2000-09-26,78.2,69.69,,yes,24,35,59,P,21,33,54,P,22,46,68,P,22,50,72,P,25,35,60,P,21,29,50,P,22,42,64,P,20,40,60,P,487,60.875,B,Pass,C,B,,,63.85,No,Other
221206677,2.30345E+11,2340,1999-12-01,89.2,84.51,87.4,yes,19,42,61,P,29,33,62,P,23,40,63,P,21,50,71,P,31,51,82,P,23,41,64,P,19,33,52,P,23,50,73,P,528,66.0,B,Pass,A,B,,,73.23,No,Mathematics
221202200,2.30345E+11,2106,1997-05-19,90.2,64.0,,no,24,41,65,P,30,47,77,P,18,38,56,P,23,51,74,P,31,41,72,P,26,42,68,P,19,30,49,P,20,37,57,P,518,64.75,B,Pass,C,B,Bristlecone,,73.84,Yes,Mechanical
221201427,2.30345E+11,2129,1999-05-06,74.0,71.31,,no,22,29,51,P,24,25,49,P,20,34,54,P,18,30,48,P,18,26,44,P,26,24,50,P,22,25,47,P,21,31,52,P,395,49.375,D,Pass,A,C,,,63.0,No,Civil
230109093,2.30345E+11,2190,1997-04-16,83.09,69.96,,yes,16,37,53,P,22,30,52,P,16,41,57,P,18,43,61,P,26,36,62,P,16,37,53,P,16,50,66,P,21,49,70,P,474,59.25,C,Pass,C,C,Living Things,,63.54,Yes,Mechanical
221206985,2.30345E+11,2214,2000-04-18,76.6,87.3,,no,20,33,53,P,24,44,68,P,21,33,54,P,23,30,53,P,25,28,53,P,23,31,54,P,22,30,52,P,25,35,60,P,447,55.875,C,Pass,C,A,,,70.18,No,Mechanical
221205826,2.30345E+11,2372,1994-09-15,97.27,61.2,,no,23,43,66,P,27,33,60,P,26,40,66,P,24,44,68,P,29,40,69,P,20,45,65,P,18,38,56,P,23,37,60,P,510,63.75,B,Pass,B,A,NeoSoft,,69.83,Yes,Mechanical
230107491,2.30345E+11,2035,1994-12-15,89.09,60.0,,yes,25,36,61,P,22,39,61,P,23,48,71,P,18,36,54,P,27,34,61,P,24,46,70,P,22,42,64,P,19,35,54,P,496,62.0,B,Pass,A,C,,,66.5,No,Civil
221204629,2.30345E+11,1148,1998-05-24,62.7,69.7,,no,26,40,66,P,24,41,65,P,25,44,69,P,22,42,64,P,28,47,75,P,17,47,64,P,22,37,59,P,21,38,59,P,521,65.125,B,Pass,A,B,API Holdings : Digital Healthcare,,53.85,Yes,Mechanical
221206410,2.30345E+11,2577,1998-11-22,80.0,69.44,,no,27,45,72,P,32,51,83,P,30,48,78,P,28,51,79,P,31,48,79,P,27,48,75,P,22,42,64,P,32,47,79,P,609,76.125,A,Pass,A,A,Yash Technologies,,66.77,Yes,Computer
221202049,2.30345E+11,2635,1997-04-04,69.27,80.9,,yes,22,38,60,P,19,36,55,P,16,40,56,P,16,43,59,P,26,28,54,P,19,28,47,P,17,28,45,P,23,36,59,P,435,54.375,C,Pass,C,B,,,56.46,No,Mechanical
221205236,2.30345E+11,2493,1996-11-21,78.2,57.8,,no,25,44,69,P,26,49,75,P,22,51,73,P,19,43,62,P,32,47,79,P,27,48,75,P,24,41,65,P,25,35,60,P,558,69.75,B,Pass,A,A,RBHU Analytics,,71.4,Yes,Computer
221202962,2.30345E+11,2472,1992-10-09,72.92,57.6,,yes,18,32,50,P,23,27,50,P,19,30,49,P,16,35,51,P,28,37,65,P,18,44,62,P,20,32,52,P,19,36,55,P,434,54.25,C,Pass,B,C,,,53.33,No,Electrical
221200410,2.30345E+11,1115,2000-03-04,93.4,76.93,84.125,no,27,55,82,P,27,50,77,P,26,51,77,P,29,57,86,P,28,53,81,P,26,55,81,P,22,42,64,P,26,47,73,P,621,77.625,A,Pass,A+,A,collinson Group,,80.8,Yes,Other
221201200,2.30345E+11,1802,2000-06-07,75.0,81.23,,yes,21,30,51,P,23,32,55,P,20,29,49,P,20,32,52,P,25,31,56,P,25,38,63,P,20,27,47,P,25,32,57,P,430,53.75,C,Pass,B,B,,,63.65,No,Civil
230108067,2.30345E+11,2657,1998-11-26,80.8,67.57,,no,17,30,47,P,21,39,60,P,17,29,46,P,16,33,49,P,24,30,54,P,23,29,52,P,24,25,49,P,18,32,50,P,407,50.875,C,Pass,C,C,RBHU Analytics,,69.09,Yes,Mechanical
221204616,2.30345E+11,2367,1995-11-16,84.0,59.0,,no,23,32,55,P,26,45,71,P,25,37,62,P,19,46,65,P,26,44,70,P,21,44,65,P,20,40,60,P,26,43,69,P,517,64.625,B,Pass,A,B,Learning Mate,,56.0,Yes,Civil
221201392,2.30345E+11,2064,2000-05-28,88.0,78.69,,no,31,44,75,P,32,52,84,P,23,51,74,P,27,53,80,P,30,49,79,P,29,45,74,P,22,35,57,P,27,43,70,P,593,74.125,A,Pass,A+,A,Square Yards,,81.0,Yes,Computer
221207382,2.30345E+11,1881,2000-10-08,93.4,79.0,,yes,29,34,63,P,26,32,58,P,20,41,61,P,25,41,66,P,26,39,65,P,22,55,77,P,18,35,53,P,26,38,64,P,507,63.375,B,Pass,B,C,USF BANK,,77.85,Yes,Electrical
230107830,2.30345E+11,1952,1999-03-03,80.6,73.7,,no,27,38,65,P,31,51,82,P,27,47,74,P,20,50,70,P,31,45,76,P,27,55,82,P,24,33,57,P,22,45,67,P,573,71.625,A,Pass,A,B,Bajaj Finserv,,55.23,Yes,Electrical
230105518,2.30345E+11,1758,1997-11-22,77.6,57.47,,yes,27,32,59,P,28,44,72,P,25,47,72,P,20,51,71,P,30,46,76,P,27,51,78,P,20,33,53,P,21,36,57,P,538,67.25,B,Pass,B,B,Learning Mate,,60.46,Yes,Mechanical
221201874,2.30345E+11,2439,1998-04-10,90.0,79.0,,yes,29,42,71,P,29,28,57,P,26,44,70,P,16,45,61,P,30,43,73,P,26,57,83,P,23,31,54,P,22,43,65,P,534,66.75,B,Pass,C,C,Bajaj Finserv,,65.47,Yes,Electronics and Telecommunication
230106330,2.30345E+11,1119,1998-08-15,87.5,76.0,85.0,no,25,46,71,P,24,38,62,P,25,46,71,P,21,42,63,P,31,46,77,P,22,36,58,P,24,30,54,P,24,40,64,P,520,65.0,B,Pass,A,B,Yash Technologies,,81.54,Yes,Computer
221200074,2.30345E+11,2589,2001-03-14,78.2,82.36,,no,30,46,76,P,30,53,83,P,26,51,77,P,16,44,60,P,29,50,79,P,25,53,78,P,24,45,69,P,26,42,68,P,590,73.75,A,Pass,A,A,RBHU,,66.91,Yes,Mechanical
230107188,2.30345E+11,1692,1998-05-27,65.8,69.55,73.95,yes,21,35,56,P,27,43,70,P,21,40,61,P,16,27,43,P,27,43,70,P,17,36,53,P,17,28,45,P,16,30,46,P,444,55.5,C,Pass,C,B,Learning Mate,,49.08,Yes,Computer
221204167,2.30345E+11,2319,1997-01-29,70.0,59.62,,yes,20,45,65,P,23,32,55,P,25,30,55,P,16,27,43,P,29,40,69,P,26,42,68,P,21,29,50,P,25,37,62,P,467,58.375,C,Pass,C,B,,,56.47,No,Electronics and Telecommunication
230100621,2.30345E+11,2082,1999-04-07,91.2,73.38,,no,24,32,56,P,25,45,70,P,24,45,69,P,17,55,72,P,26,39,65,P,24,47,71,P,23,43,66,P,25,39,64,P,533,66.625,B,Pass,A,B,CDAC KOLKATA,,79.23,Yes,Computer
230104532,2.30345E+11,617,1998-06-17,90.55,67.0,,no,29,52,81,P,30,54,84,P,27,53,80,P,28,54,82,P,33,54,87,P,25,60,85,P,29,52,81,P,28,56,84,P,664,83.0,A,Pass,A+,A,collinson Group,,69.69,Yes,Mechanical
221200041,2.30345E+11,401,2000-06-17,91.6,80.37,,yes,32,56,88,P,29,50,79,P,26,52,78,P,29,55,84,P,33,57,90,P,31,58,89,P,27,45,72,P,23,51,74,P,654,81.75,A,Pass,A+,A+,collinson Group,,79.54,Yes,Mechanical
230602460,2.30945E+11,2577,1995-05-20,84.36,70.06,,yes,33,34,67,P,22,28,50,P,22,30,52,P,16,29,45,P,31,36,67,P,22,29,51,P,27,45,72,P,23,43,66,P,470,58.75,C,Pass,A+,A,,,53.67,No,Computer
230606037,2.30945E+11,1745,1996-07-18,85.0,64.14,,no,29,43,72,P,19,38,57,P,30,45,75,P,16,42,58,P,27,47,74,P,26,38,64,P,23,33,56,P,22,44,66,P,522,65.25,B,Pass,A,A,collinson,,76.0,Yes,Electronics and Telecommunication
230703947,2.30945E+11,2833,1999-12-23,85.8,80.0,,yes,29,36,65,P,24,51,75,P,22,47,69,P,16,36,52,P,27,38,65,P,24,29,53,P,23,31,54,P,20,33,53,P,486,60.75,B,Pass,C,A+,,,82.0,No,Computer
230609890,2.30945E+11,2022,2000-07-02,94.0,86.3,,no,32,37,69,P,24,54,78,P,24,47,71,P,18,46,64,P,25,41,66,P,30,34,64,P,25,36,61,P,16,46,62,P,535,66.875,B,Pass,B,A,Treadbinary,,74.0,Yes,Computer
230609730,2.30945E+11,2729,2001-04-29,86.0,83.0,,yes,A,0,0,F,A,41,41,F,A,0,0,F,A,18,18,F,A,0,0,F,A,0,0,F,A,0,0,F,A,0,0,F,59,7.375,F,Fail,AB,AB,,,60.0,No,Computer
230701126,2.30945E+11,2672,2001-12-10,91.2,72.7,,no,31,32,63,P,18,38,56,P,28,50,78,P,18,39,57,P,25,34,59,P,29,30,59,P,25,28,53,P,24,33,57,P,482,60.25,B,Pass,C,D,Self Placed,,63.23,Yes,Electronics and Telecommunication
230600418,2.30945E+11,Other,2001-08-11,87.6,8037.0,,no,37,39,76,P,22,48,70,P,30,46,76,P,17,55,72,P,34,50,84,P,29,32,61,P,26,43,69,P,20,48,68,P,576,72.0,A,Pass,A+,C,Contractpodai,,81.4,Yes,Computer
230605032,2.30945E+11,2094,1998-01-28,77.9,70.09,,yes,27,29,56,P,18,38,56,P,28,37,65,P,22,30,52,P,27,36,63,P,24,28,52,P,28,31,59,P,20,27,47,P,450,56.25,C,Pass,C,B,,,67.4,No,Computer
230609477,2.30945E+11,1025,2000-06-11,88.0,82.81,84.3,no,31,46,77,P,21,41,62,P,24,44,68,P,22,58,80,P,33,36,69,P,27,36,63,P,22,33,55,P,21,48,69,P,543,67.875,B,Pass,A,A,Atrina tech (self placed),,75.69,Yes,Other
230602427,2.30945E+11,1765,1996-10-03,83.6,60.0,,yes,31,33,64,P,20,41,61,P,25,50,75,P,17,37,54,P,33,42,75,P,28,28,56,P,28,38,66,P,23,32,55,P,506,63.25,B,Pass,B,A,,,57.0,No,Mechanical
230701131,2.30945E+11,Other,2000-06-06,91.0,81.9,,no,31,52,83,P,24,43,67,P,26,55,81,P,19,52,71,P,34,52,86,P,32,40,72,P,28,50,78,P,24,49,73,P,611,76.375,A,Pass,A+,A,SmartAvya Analytica  Solutions,,71.08,Yes,Computer
230614323,2.30945E+11,2610,1999-02-20,91.2,74.0,,yes,32,35,67,P,21,50,71,P,30,35,65,P,16,49,65,P,30,48,78,P,30,33,63,P,24,43,67,P,22,44,66,P,542,67.75,B,Pass,B,C,,,75.0,No,Computer
230611471,2.30945E+11,3002,2000-02-15,95.0,82.8,,no,34,38,72,P,16,46,62,P,24,47,71,P,18,37,55,P,35,34,69,P,29,36,65,P,26,40,66,P,28,43,71,P,531,66.375,B,Pass,A+,A,CDAC Mumbai,,81.8,Yes,Electronics and Telecommunication
230606729,2.30945E+11,2582,2001-06-14,74.4,80.54,,no,33,40,73,P,23,55,78,P,30,55,85,P,24,47,71,P,34,50,84,P,28,34,62,P,28,50,78,P,24,45,69,P,600,75.0,A,Pass,A,A+,RBHU,,70.6,Yes,Computer
230600348,2.30945E+11,3001,1998-06-12,93.4,64.58,,yes,31,34,65,P,20,42,62,P,23,45,68,P,16,48,64,P,30,43,73,P,26,32,58,P,21,40,61,P,19,47,66,P,517,64.625,B,Pass,A+,A,RBHU,,73.85,Yes,Mechanical
230610046,2.30945E+11,2542,1999-11-22,83.6,72.96,,yes,31,36,67,P,18,43,61,P,27,53,80,P,18,39,57,P,33,48,81,P,29,53,82,P,24,47,71,P,21,39,60,P,559,69.875,B,Pass,B,D,RBHU,,62.2,Yes,Computer
230601376,2.30945E+11,Other,2001-03-10,65.0,70.0,,yes,31,24,55,P,19,29,48,P,26,37,63,P,16,42,58,P,32,41,73,P,23,27,50,P,18,37,55,P,19,24,43,P,445,55.625,C,Pass,B,B,Sanver India,,75.0,Yes,Computer
230609765,2.30945E+11,3143,2001-01-06,89.0,81.3,,no,33,27,60,P,22,42,64,P,32,43,75,P,19,40,59,P,32,35,67,P,28,26,54,P,25,33,58,P,22,28,50,P,487,60.875,B,Pass,B,C,CDAC Kolkata,,63.54,Yes,Computer
230604657,2.30945E+11,2008,2000-02-29,81.0,65.52,,yes,27,35,62,P,16,39,55,P,29,39,68,P,17,28,45,P,28,33,61,P,29,24,53,P,25,29,54,P,23,31,54,P,452,56.5,C,Pass,B,A,,,68.0,No,Mechanical
230610845,2.30945E+11,1592,1994-12-27,85.27,,,no,35,32,67,P,28,46,74,P,29,40,69,P,20,35,55,P,30,35,65,P,31,38,69,P,26,42,68,P,21,30,51,P,518,64.75,B,Pass,B,D,,,70.5,No,Electronics and Telecommunication
230606312,2.30945E+11,2123,2000-08-11,78.8,74.4,,no,34,32,66,P,20,40,60,P,30,49,79,P,20,45,65,P,30,45,75,P,30,28,58,P,28,33,61,P,21,35,56,P,520,65.0,B,Pass,B,C,Loyalty Rewardz,,63.85,Yes,Mechanical
230702906,2.30945E+11,2499,1999-03-15,77.9,78.56,,no,32,27,59,P,21,36,57,P,27,31,58,P,16,37,53,P,31,38,69,P,29,36,65,P,23,32,55,P,26,41,67,P,483,60.375,B,Pass,B,C,,,57.4,No,Other
230704666,2.30945E+11,2112,1998-10-26,78.8,76.76,86.9,yes,34,34,68,P,24,53,77,P,24,39,63,P,19,40,59,P,27,43,70,P,30,36,66,P,25,41,66,P,19,40,59,P,528,66.0,B,Pass,A,B,,,59.08,No,Computer
230705026,2.30945E+11,2006,2000-07-02,77.8,66.01,,yes,21,6,27,F,16,3,19,F,19,4,23,F,10,17,27,F,23,6,29,F,21,4,25,F,16,11,27,F,19,14,33,F,210,26.25,F,Fail,C,C,,,51.38,No,Civil
230608117,2.30945E+11,2819,2001-06-09,82.0,,,no,32,44,76,P,20,42,62,P,30,54,84,P,16,40,56,P,26,45,71,P,31,30,61,P,18,39,57,P,25,44,69,P,536,67.0,B,Pass,B,C,BlueMeteor,,65.8,Yes,Computer
230603057,2.30945E+11,2789,2000-05-16,95.0,80.47,,yes,32,44,76,P,21,44,65,P,28,40,68,P,17,45,62,P,29,46,75,P,32,41,73,P,27,46,73,P,25,56,81,P,573,71.625,A,Pass,C,A,RBHU,,79.28,Yes,Computer
230603450,2.30945E+11,2896,2001-10-22,81.4,71.42,75.52,no,27,27,54,P,21,47,68,P,27,44,71,P,23,44,67,P,30,46,76,P,28,49,77,P,26,43,69,P,23,34,57,P,539,67.375,B,Pass,C,A,Treadbinary,,54.46,Yes,Other
230604012,2.30945E+11,2288,1998-03-02,86.4,63.55,,no,34,28,62,P,26,40,66,P,28,28,56,P,18,31,49,P,33,27,60,P,33,36,69,P,29,28,57,P,23,27,50,P,469,58.625,C,Pass,A,A,Collinson,,67.54,Yes,Mechanical
230604231,2.30945E+11,1855,2000-09-04,95.4,81.15,80.79,no,29,50,79,P,28,55,83,P,25,57,82,P,20,57,77,P,32,52,84,P,27,39,66,P,18,49,67,P,22,44,66,P,604,75.5,A,Pass,B,A+,Infarsight,,88.15,Yes,Other
230701566,2.30945E+11,2800,1999-09-22,90.4,67.6,,yes,29,27,56,P,25,41,66,P,24,49,73,P,18,47,65,P,24,43,67,P,24,27,51,P,21,32,53,P,23,43,66,P,497,62.125,B,Pass,B,D,RBHU,,70.0,Yes,Civil
230700620,2.30945E+11,1386,1992-12-03,67.84,63.46,,yes,25,27,52,P,16,28,44,P,22,25,47,P,16,27,43,P,29,29,58,P,21,24,45,P,19,24,43,P,17,38,55,P,387,48.375,D,Pass,C,B,,,50.85,No,Other
230701000,2.30945E+11,1972,2000-10-03,67.6,62.98,,yes,26,24,50,P,16,34,50,P,23,27,50,P,16,25,41,P,28,25,53,P,27,24,51,P,25,24,49,P,16,27,43,P,387,48.375,D,Pass,C,D,,,55.69,No,Electronics and Telecommunication
230615130,2.30945E+11,2960,2000-09-05,93.4,61.2,80.0,no,30,28,58,P,18,34,52,P,29,40,69,P,21,50,71,P,29,37,66,P,27,26,53,P,23,27,50,P,25,33,58,P,477,59.625,C,Pass,C,C,TreadBinary,,63.85,Yes,Computer
230600988,2.30945E+11,2342,2001-10-16,86.8,75.6,,no,30,42,72,P,17,37,54,P,27,58,85,P,16,37,53,P,29,46,75,P,26,53,79,P,23,44,67,P,21,43,64,P,549,68.625,B,Pass,A,A,self placed in Digivate labs Private Limited,,78.3,Yes,Computer
230610372,2.30945E+11,3087,1997-05-17,86.6,67.54,,yes,31,33,64,P,23,44,67,P,27,31,58,P,17,28,45,P,30,41,71,P,25,30,55,P,23,35,58,P,16,36,52,P,470,58.75,C,Pass,C,A,,,74.31,No,Mechanical
230700664,2.30945E+11,3188,2001-08-02,89.0,70.5,,no,33,24,57,P,17,24,41,P,25,26,51,P,20,31,51,P,31,30,61,P,29,24,53,P,27,43,70,P,25,27,52,P,436,54.5,C,Pass,B,C,,,64.15,No,Computer
230601217,2.30945E+11,2674,1996-07-14,89.64,58.79,,yes,32,29,61,P,21,50,71,P,25,53,78,P,16,39,55,P,29,44,73,P,30,28,58,P,24,41,65,P,20,34,54,P,515,64.375,B,Pass,A,C,Loyalty Rewardz,,64.59,Yes,Electrical
230609228,2.30945E+11,Other,1999-12-12,91.0,78.93,,no,35,39,74,P,22,59,81,P,32,54,86,P,20,50,70,P,36,50,86,P,27,33,60,P,28,48,76,P,26,48,74,P,607,75.875,A,Pass,A,A+,Infinite Computer Soltions,,92.31,Yes,Electronics and Telecommunication
230602141,2.30945E+11,3211,1998-05-06,73.0,68.78,,yes,29,25,54,P,16,24,40,P,24,35,59,P,16,28,44,P,30,26,56,P,23,24,47,P,18,29,47,P,25,27,52,P,399,49.875,D,Pass,A+,A,RBL Bank,,54.12,Yes,Mechanical
230604165,2.30945E+11,3091,1988-09-05,61.6,62.62,,no,28,26,54,P,19,25,44,P,27,36,63,P,22,44,66,P,31,38,69,P,28,31,59,P,23,35,58,P,21,35,56,P,469,58.625,C,Pass,C,B,,,52.2,No,Civil
230608115,2.30945E+11,2158,2000-02-20,78.6,75.0,,no,33,25,58,P,24,28,52,P,24,30,54,P,16,30,46,P,24,27,51,P,29,24,53,P,18,24,42,P,20,24,44,P,400,50.0,C,Pass,C,B,,,65.6,No,Computer
230700616,2.30945E+11,329,2001-08-06,89.0,87.25,,yes,33,33,66,P,28,59,87,P,28,57,85,P,18,42,60,P,33,50,83,P,31,43,74,P,28,44,72,P,24,47,71,P,598,74.75,A,Pass,A,A,Morningstar,,93.77,Yes,Computer
230604347,2.30945E+11,3224,2001-10-27,71.2,83.0,,no,34,48,82,P,27,50,77,P,32,58,90,P,19,45,64,P,31,47,78,P,28,35,63,P,22,51,73,P,22,39,61,P,588,73.5,A,Pass,C,C,SmartAvya Analytica  Solutions,,77.2,Yes,Computer
230606568,2.30945E+11,3104,1999-08-26,81.6,70.69,,no,32,33,65,P,20,46,66,P,30,56,86,P,20,54,74,P,32,49,81,P,30,39,69,P,29,42,71,P,25,43,68,P,580,72.5,A,Pass,A+,A+,Morningstar,,75.08,Yes,Mechanical
230602366,2.30945E+11,1629,2001-12-20,76.8,72.41,,yes,32,46,78,P,27,50,77,P,32,59,91,P,20,38,58,P,34,48,82,P,30,38,68,P,23,47,70,P,27,54,81,P,605,75.625,A,Pass,A,A,MorningStar,,68.31,Yes,Computer
230607352,2.30945E+11,1985,2001-03-30,90.0,87.0,,no,31,55,86,P,29,58,87,P,31,58,89,P,25,57,82,P,29,55,84,P,33,49,82,P,28,58,86,P,28,47,75,P,671,83.875,A,Pass,A+,A+,Collinson,,79.6,Yes,Mechanical
230701693,2.30945E+11,2230,1999-09-02,84.0,83.84,,yes,32,49,81,P,26,53,79,P,25,47,72,P,18,46,64,P,33,50,83,P,29,35,64,P,24,37,61,P,26,50,76,P,580,72.5,A,Pass,C,B,SmartAvya Analytica  Solutions,,54.46,Yes,Chemical
230610919,2.30945E+11,3008,1995-02-26,86.18,60.26,73.97,no,31,24,55,P,22,32,54,P,22,24,46,P,18,29,47,P,29,25,54,P,20,24,44,P,23,24,47,P,16,25,41,P,388,48.5,D,Pass,B,C,,,64.33,No,Mechanical
